Title,Problem Type,Value Score,Validation Count,Current Tools,Pain Points,Use Case,Budget Signals,Urgency,Subreddit,URL
Anyone building Open Source alternatives to paid SaaS?,integration,60,1,zapier,cost,,$500,normal,SaaS,https://reddit.com/r/SaaS/comments/1qbwpyr/anyone_building_open_source_alternatives_to_paid/
Is there a tool that alerts you BEFORE SaaS prices increase?,automation,53,0,,"manual_process, cost, missing_feature",,,normal,SaaS,https://reddit.com/r/SaaS/comments/1q4xzzw/is_there_a_tool_that_alerts_you_before_saas/
How to automate or streamline LTL freight shipping solution/process?,automation,53,1,shopify,"manual_process, cost","want things to work. customers get the shipping confirmation email, shipping updates automatically, ",,normal,shopify,https://reddit.com/r/shopify/comments/1qmp5iz/how_to_automate_or_streamline_ltl_freight/
Is per-profile pricing a growth killer? Looking for honest feedback from agencies.,automation,51,0,,"manual_process, cost, missing_feature",looking for honest feedback from agencies.,,normal,SaaS,https://reddit.com/r/SaaS/comments/1qnpj6m/is_perprofile_pricing_a_growth_killer_looking_for/
Multi-platform sellers - how do you optimize listings for each platform?,automation,49,2,shopify,"manual_process, missing_feature","wants keyword-stuffed titles (200 chars max), shopify has no limit but different seo best practices ",,normal,ecommerce,https://reddit.com/r/ecommerce/comments/1qrrvii/multiplatform_sellers_how_do_you_optimize/
"Is there a simple way to monitor if the ""Add to Cart"" button actually works?",automation,45,0,shopify,"manual_process, cost",,,normal,ecommerce,https://reddit.com/r/ecommerce/comments/1qw3tr9/is_there_a_simple_way_to_monitor_if_the_add_to/
Sharing TinyToasts.co - the perfect alternative to traditional toasts - a video and message guestboo,collaboration,36,0,,cost,needed. works on any phone.,"$19, $59, $19",normal,webdev,https://reddit.com/r/webdev/comments/1q960av/sharing_tinytoastsco_the_perfect_alternative_to/
Looking for perspective or advice on equity offer - I will not promote,general,26,1,,,looking for perspective or advice on equity offer - i will not promote,"$7,500",normal,startups,https://reddit.com/r/startups/comments/1qu6jc8/looking_for_perspective_or_advice_on_equity_offer/
"What tools can I use for noon, namshi, or trendyol?",management,23,0,shopify,,want to know what tools can i use for these marketplaces? i have the following goals:,,normal,ecommerce,https://reddit.com/r/ecommerce/comments/1qn6wur/what_tools_can_i_use_for_noon_namshi_or_trendyol/
How do you handle returns across the EU? Is there no app or anything that would allow customers to p,integration,23,1,,,,,normal,ecommerce,https://reddit.com/r/ecommerce/comments/1qlzmxv/how_do_you_handle_returns_across_the_eu_is_there/
Is anyone actually measuring demand gen well right now?,general,20,1,,,"looking for” vs “i know what you do, please help me solve *this* problem”)",,normal,marketing,https://reddit.com/r/marketing/comments/1qkmvjs/is_anyone_actually_measuring_demand_gen_well/
