Title,Category,Opportunity Score,Problem Statement,Current Solution,Desired Features,Willingness to Pay,Market Size,MVP Complexity,Validation Count,URL
Just a reminder. Make sure you make it home!,,5864,,,,unknown,small,unknown,4,https://reddit.com/r/Construction/comments/1inihzn/just_a_reminder_make_sure_you_make_it_home/
Construction equipment left on my property‚Äîwhat do I do?,,4877,Construction equipment left on my property‚Äîwhat do I do?,,,enterprise-budget,small,simple,0,https://reddit.com/r/Construction/comments/1l2cglr/construction_equipment_left_on_my_propertywhat_do/
what tool would it be ,,3071,,,,unknown,small,unknown,1,https://reddit.com/r/Construction/comments/1gwqhid/what_tool_would_it_be/
IRS Laid Off Several Thousand  People Today‚Ä¶,,2529,It has been confirmed that almost all probationary employees across all the divisions will be let go tomorrow,,,unknown,small,unknown,1,https://reddit.com/r/Accounting/comments/1itisph/irs_laid_off_several_thousand_people_today/
Electricians what's the point of this?,,2075,Electricians what's the point of this?,,,unknown,small,unknown,3,https://reddit.com/r/Construction/comments/1lr3u0f/electricians_whats_the_point_of_this/
This app man,,802,I'm going insane with this app,,,unknown,small,unknown,3,https://reddit.com/r/Accounting/comments/1ilsil9/this_app_man/
Buyers moved in before closing,workflow_automation,752,"UPDATE - Following up from where I left off: After receiving the much needed guidance from this beautiful community, we were able to successfully get the buyers out of the house, secure the house with",,take place,unknown,small,simple,2,https://reddit.com/r/RealEstate/comments/1g2gw9t/buyers_moved_in_before_closing/
"Neighbor ruined our open house, what can I do?",,671,"Neighbor ruined our open house, what can I do?",,,unknown,small,unknown,0,https://reddit.com/r/RealEstate/comments/1l6uufq/neighbor_ruined_our_open_house_what_can_i_do/
Seller intentionally killed a deal over solar,data_integration,506,"My husband and I went under contract on a house in June, with closing scheduled for this Friday",to have us split the 12k cost with them,,"$200/mo, $900, $12,000",small,unknown,1,https://reddit.com/r/RealEstate/comments/1mo65ag/seller_intentionally_killed_a_deal_over_solar/
Is there a reason for laying bricks like this? Bldg is from the 70's. Looks like this all over.,,494,Is there a reason for laying bricks like this? Bldg is from the 70's. Looks like this all over.,,,unknown,small,unknown,0,https://reddit.com/r/Construction/comments/1kypois/is_there_a_reason_for_laying_bricks_like_this/
Got scammed half a million dollar down payment,data_integration,427,My friend just got scammed her entire life‚Äôs savings on a down payment,contacting the receiving bank,,$1,medium,unknown,9,https://reddit.com/r/RealEstate/comments/1mxsxz5/got_scammed_half_a_million_dollar_down_payment/
Is it a terrible idea to prioritize buyers who will use the house as a primary residence over buyers,,421,Is it a terrible idea to prioritize buyers who will use the house as a primary residence over buyers who are looking for an investment property?,,,"$212, $48",small,unknown,1,https://reddit.com/r/RealEstate/comments/1fwsvbd/is_it_a_terrible_idea_to_prioritize_buyers_who/
What is this job/position?,,411,What is this job/position?,,,unknown,small,unknown,0,https://reddit.com/r/Construction/comments/1l98e3z/what_is_this_jobposition/
Can I refuse an offer unless the buyer will use it as a permanent residence?,,410,Can I refuse an offer unless the buyer will use it as a permanent residence?,,,unknown,small,unknown,3,https://reddit.com/r/RealEstate/comments/1lp52wq/can_i_refuse_an_offer_unless_the_buyer_will_use/
Bought a home after oil tank test said ‚ÄúPASS.‚Äù Tank had 45 holes & was leaking for 20 years. $80K+ i,workflow_automation,386,Bought a home after oil tank test said ‚ÄúPASS.‚Äù Tank had 45 holes & was leaking for 20 years. $80K+ in damage. Now what?,,,"$80, $80, $1,300/year",small,medium,3,https://reddit.com/r/RealEstate/comments/1jsmxel/bought_a_home_after_oil_tank_test_said_pass_tank/
Daughter is a single mother and her boss just told her she‚Äôs getting a 1099,,376,My daughter started working for an eye doctor at the end of Nov 2024,,,$14,small,unknown,1,https://reddit.com/r/tax/comments/1isprqm/daughter_is_a_single_mother_and_her_boss_just/
is there a way to file taxes online for free? Turbo tax is charging me $180+,,293,is there a way to file taxes online for free? Turbo tax is charging me $180+,,filed for the w2,$180,small,unknown,3,https://reddit.com/r/tax/comments/1jfyyja/is_there_a_way_to_file_taxes_online_for_free/
Is there a down side to telling our agent not to accept any ‚Äòlove letters‚Äô?,,284,Is there a down side to telling our agent not to accept any ‚Äòlove letters‚Äô?,,live here but aren,unknown,small,unknown,2,https://reddit.com/r/RealEstate/comments/1jp92pp/is_there_a_down_side_to_telling_our_agent_not_to/
My supervisor set up a meeting between me and my boss this week to effectively stop me from using sp,workflow_automation,227,"My supervisor set up a meeting between me and my boss this week to effectively stop me from using spreadsheets, formulas and PQ moving forward in favor of going back to manual computations because ""th",excel for several years and got pretty good with pivot tables,learn,unknown,small,unknown,1,https://reddit.com/r/excel/comments/1jpenvn/my_supervisor_set_up_a_meeting_between_me_and_my/
Plumbers trying to get framing inspection to fail intentionally or just hacks? Looking for input.,,209,Plumbers trying to get framing inspection to fail intentionally or just hacks? Looking for input.,,,unknown,small,unknown,3,https://reddit.com/r/Construction/comments/1i9di58/plumbers_trying_to_get_framing_inspection_to_fail/
"[Question] Is there really a shortage of homes, or is it really a shortage of ‚Äúaffordable‚Äù homes?",,193,"[Question] Is there really a shortage of homes, or is it really a shortage of ‚Äúaffordable‚Äù homes?",,build more homes,unknown,medium,unknown,7,https://reddit.com/r/RealEstate/comments/1iom3vb/question_is_there_really_a_shortage_of_homes_or/
Why are ROTH contributions limited for high earners? And why is there a legal loophole to get around,data_integration,171,Why are ROTH contributions limited for high earners? And why is there a legal loophole to get around it?,,,unknown,small,unknown,3,https://reddit.com/r/tax/comments/1j7ytea/why_are_roth_contributions_limited_for_high/
I‚Äôve been afraid to ask‚Ä¶,data_integration,149,This is something I‚Äôve been afraid to ask about my entire career in property management,,"know so i can answer and move on with my fucking life, tell you how i am, just tell me what you want to know so i can give you an answer and get on with it, discuss over the phone",$45,large,simple,10,https://reddit.com/r/PropertyManagement/comments/1llyybr/ive_been_afraid_to_ask/
32M contractor feeling physically worn down - is there a realistic path to $100K+ without wrecking m,industry_specific_crm,148,32M contractor feeling physically worn down - is there a realistic path to $100K+ without wrecking my body?,,be present for my growing family,"$100, $30, $100",small,unknown,3,https://reddit.com/r/Construction/comments/1lf7irb/32m_contractor_feeling_physically_worn_down_is/
I‚Äôm about to tell my realtor that I‚Äôm giving up the search but I feel so guilty and sick to my stoma,,132,I‚Äôm about to tell my realtor that I‚Äôm giving up the search but I feel so guilty and sick to my stomach. How do I let her down easy ?,,work with us,unknown,small,unknown,5,https://reddit.com/r/realtors/comments/1m85efn/im_about_to_tell_my_realtor_that_im_giving_up_the/
"Passed all 4 CPA exams, finished 150 college credits, while raising a small child after death of his",data_integration,130,I‚Äôm a single mom who‚Äôs partner passed when my child was 9 months old,,"sit for the cpa exam, and pass all 4 cpa exams, amidst coordinating  my child",unknown,small,unknown,2,https://reddit.com/r/Accounting/comments/1n5glnu/passed_all_4_cpa_exams_finished_150_college/
Is there an actual accounting shortage in the USA or not? If so why is it hard to get an entry level,,128,Is there an actual accounting shortage in the USA or not? If so why is it hard to get an entry level role?,,,unknown,small,unknown,1,https://reddit.com/r/Accounting/comments/1ll4oz6/is_there_an_actual_accounting_shortage_in_the_usa/
Being stuck in a bad job while looking for opportunities in this market is a special type of hell. I,,119,My job right now has turned into crazy micromanagement,,cry some days,enterprise-budget,medium,unknown,7,https://reddit.com/r/Accounting/comments/1h4yvcw/being_stuck_in_a_bad_job_while_looking_for/
 Is There a Way to Turn My Excel Workbook Into Desktop Background? ,content_generation,118, Is There a Way to Turn My Excel Workbook Into Desktop Background? ,googling for answers but the one that came up are only for vista,,unknown,small,unknown,2,https://reddit.com/r/excel/comments/1hxsikl/is_there_a_way_to_turn_my_excel_workbook_into/
Tired Landlord Looking for Advice,,111,"I did everything ‚Äúright‚Äù ‚Äì 3% mortgage, $1,200/month in cash flow, decent tenants, and a solid chunk of equity in an appreciating area",,,"$1,200/mo",medium,unknown,8,https://reddit.com/r/RealEstate/comments/1fz10iv/tired_landlord_looking_for_advice/
Do they no longer use these hollow clay bricks in America? I saw some that were used to build my hig,,111,Do they no longer use these hollow clay bricks in America? I saw some that were used to build my high school from 1938 but I looked for them online and it seems like the US no longer uses them.,,,unknown,small,unknown,0,https://reddit.com/r/Construction/comments/1ih99xo/do_they_no_longer_use_these_hollow_clay_bricks_in/
Is there any hope for me :(,compliance_documentation,103,I can‚Äôt help but feel I‚Äôve made a huge life mistake getting into accounting,,wait 10,unknown,small,unknown,2,https://reddit.com/r/Accounting/comments/1fs2opo/is_there_any_hope_for_me/
When I was little I wanted to be an archeologist. Now I'm digging looking for the main water line. S,,92,,,be an archeologist,unknown,small,unknown,0,https://reddit.com/r/Construction/comments/1jo72a9/when_i_was_little_i_wanted_to_be_an_archeologist/
Selling my home and looking for advice!!,,89,"Three days ago I listed my house for $315,000, the average time on market in the area is 50 days",,,"$315,000,, $329,000",small,unknown,1,https://reddit.com/r/RealEstate/comments/1imkt5h/selling_my_home_and_looking_for_advice/
I built xlwings Lite as a free alternative to Python in Excel,data_integration,81,"Hi all! I've previously written about why I wasn't a big fan of Microsoft's ""Python in Excel"" solution for using Python with Excel, see the¬†[Reddit discussion](https://www",,,looking-for-free,small,simple,0,https://reddit.com/r/excel/comments/1jo3hav/i_built_xlwings_lite_as_a_free_alternative_to/
Curious: why is there gravel on top of the basement?,,79,Curious: why is there gravel on top of the basement?,,,unknown,small,unknown,1,https://reddit.com/r/Construction/comments/1jdbnzm/curious_why_is_there_gravel_on_top_of_the_basement/
Is there any regulation that could make this offshoring slowdown soon or reverse it? I‚Äôm concerned‚Ä¶,compliance_documentation,78,Is there any regulation that could make this offshoring slowdown soon or reverse it? I‚Äôm concerned‚Ä¶,,,unknown,small,unknown,1,https://reddit.com/r/Accounting/comments/1lm624h/is_there_any_regulation_that_could_make_this/
Can I really learn MS Excel from basic to advanced for free on YouTube? Looking for real experiences,data_integration,77,Can I really learn MS Excel from basic to advanced for free on YouTube? Looking for real experiences.,,"spend if i can get the same results with youtube, learn excel in detail because my goal is to later use it for freelancing and earning",looking-for-free,small,simple,2,https://reddit.com/r/excel/comments/1mouhoj/can_i_really_learn_ms_excel_from_basic_to/
Looking for 3PL to service USA ecommerce Shopify orders,data_integration,75,"Hi all, due to the removal of de minimis section 321 orders, my canadian company needs to move our ecommerce order fulfillment to the US",,"move our ecommerce order fulfillment to the us, low cost solution so we can adapt to this new environment of fulfilling within the us",enterprise-budget,small,unknown,1,https://reddit.com/r/logistics/comments/1ih85up/looking_for_3pl_to_service_usa_ecommerce_shopify/
Is there a way to prevent tenants from assuming I‚Äôm the enemy?,,71,Is there a way to prevent tenants from assuming I‚Äôm the enemy?,to fix something themselves,,unknown,small,unknown,1,https://reddit.com/r/PropertyManagement/comments/1istqhf/is_there_a_way_to_prevent_tenants_from_assuming/
"If you‚Äôre looking for fully remote jobs and think the job market sucks, your opinion isn‚Äôt valid.",team_coordination,70,That‚Äôs all ,,,unknown,small,unknown,2,https://reddit.com/r/Accounting/comments/1lr1mmn/if_youre_looking_for_fully_remote_jobs_and_think/
Should I tell my manager that I am looking for a job after she told me my improvement is not meeting,,67,Should I tell my manager that I am looking for a job after she told me my improvement is not meeting her expectations?,,,unknown,small,unknown,1,https://reddit.com/r/Accounting/comments/1g3gzcu/should_i_tell_my_manager_that_i_am_looking_for_a/
What level are my excel skills? Looking for a descriptor to include in my CV. ,workflow_automation,67,What level are my excel skills? Looking for a descriptor to include in my CV. ,,"list my excel skill level on my cv, be updated monthly so all formulas pull the updated data through etc",budget-conscious,medium,simple,6,https://reddit.com/r/excel/comments/1hwf0rj/what_level_are_my_excel_skills_looking_for_a/
Looking for advice: sibling not buying me out of inherited property as agreed (VA),content_generation,66,My sibling and I inherited our parent‚Äôs estate 50/50 in Virginia,,"keep them, be living longterm in a home co, create a huge housing crisis for my nieces and nephews",looking-for-free,small,unknown,4,https://reddit.com/r/RealEstate/comments/1mz5t62/looking_for_advice_sibling_not_buying_me_out_of/
Amazon agency or Amazon consultant? Looking for recommendations for my brand.,,64,Amazon agency or Amazon consultant? Looking for recommendations for my brand.,,bring in expert help to grow faster on amazon and we,enterprise-budget,small,simple,2,https://reddit.com/r/FulfillmentByAmazon/comments/1n1hayr/amazon_agency_or_amazon_consultant_looking_for/
I didn‚Äôt work at big 4 and constantly get passed over for jobs by big 4 folks.  Is there a way to be,,63,I didn‚Äôt work at big 4 and constantly get passed over for jobs by big 4 folks.  Is there a way to be just as competitive?,,,unknown,small,unknown,2,https://reddit.com/r/Accounting/comments/1kyiy08/i_didnt_work_at_big_4_and_constantly_get_passed/
Is there an accounting job where you‚Äôre not stuck at a desk all day?,data_integration,63,Is there an accounting job where you‚Äôre not stuck at a desk all day?,,,enterprise-budget,small,unknown,3,https://reddit.com/r/Accounting/comments/1mwenxl/is_there_an_accounting_job_where_youre_not_stuck/
Affordable Salesforce alternatives to Gearset & Copado in 2025?,compliance_documentation,59,Affordable Salesforce alternatives to Gearset & Copado in 2025?,gearset,"whole budget line just for the subscription, full audit trail",budget-conscious,small,complex,5,https://reddit.com/r/salesforce/comments/1nbp9gf/affordable_salesforce_alternatives_to_gearset/
For those looking - is this what you‚Äôre seeing? (USA),inventory_management,59,For those looking - is this what you‚Äôre seeing? (USA),,,enterprise-budget,small,unknown,2,https://reddit.com/r/supplychain/comments/1l7e3un/for_those_looking_is_this_what_youre_seeing_usa/
Im 17. Is there any way to get a summer job as a laborer? I dont have any experience in the construc,,59,Im 17. Is there any way to get a summer job as a laborer? I dont have any experience in the construction field but i have a great work ethic and have another job. Concrete intrigues me as well.,,,unknown,small,unknown,0,https://reddit.com/r/Construction/comments/1krcwq5/im_17_is_there_any_way_to_get_a_summer_job_as_a/
This week‚Äôs class discussion - why is there a shortage of accountants?,,58,This week‚Äôs class discussion - why is there a shortage of accountants?,,hear without using some of the color found here,unknown,small,unknown,1,https://reddit.com/r/Accounting/comments/1jnmz1k/this_weeks_class_discussion_why_is_there_a/
Is there a way to view all your companies financials at once?,reporting_analytics,58,Is there a way to view all your companies financials at once?,,,enterprise-budget,medium,unknown,7,https://reddit.com/r/Bookkeeping/comments/1k8iu97/is_there_a_way_to_view_all_your_companies/
Is there an online school for an accounting degree that is actually good?,,57,Is there an online school for an accounting degree that is actually good?,,"progress my career and want to obtain my accounting degree, finish my b, see if there is an online college where i could finish my b",unknown,small,unknown,1,https://reddit.com/r/Accounting/comments/1lrwta8/is_there_an_online_school_for_an_accounting/
Is there any areas in the US not struggling to find work with GC's,,57,"I work at a painting company in Idaho, and our work thru gc's is scarce, not because our bids are too high buy because the GC's cant win anything",,,enterprise-budget,small,unknown,0,https://reddit.com/r/Construction/comments/1l404wh/is_there_any_areas_in_the_us_not_struggling_to/
Looking for cheapest (or free) bookkeeping software that....,data_integration,56,That will auto-sync my bank transactions,xero,,enterprise-budget,small,unknown,1,https://reddit.com/r/Bookkeeping/comments/1hw9m0e/looking_for_cheapest_or_free_bookkeeping_software/
Getting sued. Ranting and looking for opinions.,content_generation,55,Here‚Äôs one I would like some opinions and input on,,,"$30,000, $30",small,unknown,0,https://reddit.com/r/RealEstate/comments/1kxlgrd/getting_sued_ranting_and_looking_for_opinions/
"Now that trump has won, is anyone else looking for suppliers in other countries? ",,55,"Now that trump has won, is anyone else looking for suppliers in other countries? ",,,unknown,small,unknown,0,https://reddit.com/r/FulfillmentByAmazon/comments/1gkx76i/now_that_trump_has_won_is_anyone_else_looking_for/
Why is there so much crashing,,54,500 error after the admin page already loads,,,unknown,small,unknown,3,https://reddit.com/r/shopify/comments/1l4dfgd/why_is_there_so_much_crashing/
Help! My users are going to kill me! Is there anyway to stop EAC from synching without losing visibi,data_integration,54,Help! My users are going to kill me! Is there anyway to stop EAC from synching without losing visibility to activity?,,"stop eac from synching and use the outlook plugin but they still need to be able to see the eac acti, be able to see the eac activity that is currently there i order to do their jobs",enterprise-budget,small,unknown,1,https://reddit.com/r/salesforce/comments/1i9m40g/help_my_users_are_going_to_kill_me_is_there/
"Is there a way to replace a bunch of names with generic ID at once? E.g., turn all ""Ann Smiths"" in """,,54,"Is there a way to replace a bunch of names with generic ID at once? E.g., turn all ""Ann Smiths"" in ""Employee 01"", all ""Ben Jones"" becomes ""Employee 02"", etc.",,sanitize a document with a few hundred unique names across multiple worksheets and replace the names,unknown,medium,unknown,6,https://reddit.com/r/excel/comments/1k288zc/is_there_a_way_to_replace_a_bunch_of_names_with/
Those of you that don‚Äôt use Shopify; what do you use?,,53,Those of you that don‚Äôt use Shopify; what do you use?,,have,budget-conscious,small,simple,1,https://reddit.com/r/ecommerce/comments/1jb8fi6/those_of_you_that_dont_use_shopify_what_do_you_use/
"Long-time Amazon seller in grocery‚Ä¶ margins gone, looking for advice",,52,I‚Äôve been selling on Amazon for 8 years in the Grocery category,,give up on it either,"$20, $3",small,simple,3,https://reddit.com/r/FulfillmentByAmazon/comments/1mwvo57/longtime_amazon_seller_in_grocery_margins_gone/
"This Week's Top E-commerce News Stories üí• April 21, 2025",data_integration,52,"Hi r/Shopify - I'm Paul and I follow the e-commerce industry closely for my Shopifreaks E-commerce Newsletter, which I've published weekly since 2021",,"learn more about the business, ensure that customer access and deletion requests are being honored by 23andme, pay for each book individually, they can pay for the collective amount they stole, and lawyers can d","$97, $1, $19",small,simple,0,https://reddit.com/r/shopify/comments/1k4l1g9/this_weeks_top_ecommerce_news_stories_april_21/
New to construction. Was looking up respirators and seen most people online using the one on the lef,,52,"New to construction. Was looking up respirators and seen most people online using the one on the left. Pricing aside, is there any other reason to choose the left over the right? I personally view the",,,unknown,small,unknown,5,https://reddit.com/r/Construction/comments/1jxttbt/new_to_construction_was_looking_up_respirators/
"First-Time Landlord ‚Äì Learning the Hard Way, Looking for Advice] pls don‚Äôt eat me alive.",workflow_automation,51,"So, in 2023 at the age of 21, I bought a $350K house in a very desirable part of my city",,give up on my real estate investing dream,"$350, $1,400, $1,000,",small,unknown,3,https://reddit.com/r/RealEstate/comments/1l2fo3v/firsttime_landlord_learning_the_hard_way_looking/
Alternative to Pardot,data_integration,51,"We are trying hard to get Pardot to work, but it's simply not working - at all",activecampaign for marketing automation,"see the entire lifecycle of a lead from form fill to won, deep and detailed synch with sf",unknown,small,unknown,2,https://reddit.com/r/salesforce/comments/1i8w3dz/alternative_to_pardot/
Is there a different standard women in the field are held too?,workflow_automation,50,Is there a different standard women in the field are held too?,,"thank everyone for the feedback and give an update, succeed, all three of us plan on getting our cpas, and eventually making partner, succeed",looking-for-free,small,unknown,4,https://reddit.com/r/Accounting/comments/1mkv64a/is_there_a_different_standard_women_in_the_field/
The IRS owed me a $4k refund in 2019 that it never paid. Can I still collect it and is there interes,,49,The IRS owed me a $4k refund in 2019 that it never paid. Can I still collect it and is there interest owed?,to call irs offices but basically couldn,,"$4, $4",small,simple,1,https://reddit.com/r/tax/comments/1ltevpf/the_irs_owed_me_a_4k_refund_in_2019_that_it_never/
Looking for a recommended Salesforce partner,,49,"We‚Äôre a growing healthcare technology company seeking expertise in Marketing Intelligence, Marketing Cloud, and Health Cloud, both consultation and hands-on implementation",,,enterprise-budget,small,unknown,0,https://reddit.com/r/salesforce/comments/1mwa2f9/looking_for_a_recommended_salesforce_partner/
Using LinkedIn Premium to look for Supply Chain jobs may have been my worst mistake.,team_coordination,49,"I recently signed up for the month of free LinkedIn premium to message recruiters and apply for jobs, what I just found out today was that it gives insights into total # of applicants, Experience leve",,"do for the long haul, but after 7 months of consistently applying, this has knocked me down, i feel ",enterprise-budget,small,unknown,2,https://reddit.com/r/supplychain/comments/1jdkeq7/using_linkedin_premium_to_look_for_supply_chain/
Is there a good book that explains how bad 2008 actually was?,,48,Is there a good book that explains how bad 2008 actually was?,,,unknown,small,unknown,1,https://reddit.com/r/Accounting/comments/1gwrnin/is_there_a_good_book_that_explains_how_bad_2008/
"Is there a logical reason why it takes brokerages (Schwab, Fidelity, etc) so long to get end of year",,48,"Is there a logical reason why it takes brokerages (Schwab, Fidelity, etc) so long to get end of year tax documents ready?",,,unknown,small,unknown,5,https://reddit.com/r/tax/comments/1ic18at/is_there_a_logical_reason_why_it_takes_brokerages/
A Dataloader alternative?,workflow_automation,48,A Dataloader alternative?,dataloader for years now,bridge that gap by launching this free tool,looking-for-free,small,medium,1,https://reddit.com/r/salesforce/comments/1g0x482/a_dataloader_alternative/
What are your code phrases or callouts for there is a boss around? Our current favorite is ‚Äúthere is,,48,What are your code phrases or callouts for there is a boss around? Our current favorite is ‚Äúthere is a turd in the fruit punch‚Äù,,,unknown,small,unknown,0,https://reddit.com/r/Construction/comments/1mpz1a4/what_are_your_code_phrases_or_callouts_for_there/
Why is there never Vending machines on job sites,,48,Never have I ever seen vending machines on job sites,,,unknown,small,unknown,1,https://reddit.com/r/Construction/comments/1lll85s/why_is_there_never_vending_machines_on_job_sites/
Why is there a huge issue with new construction homes?,,48,Why is there a huge issue with new construction homes?,,,unknown,small,unknown,2,https://reddit.com/r/Construction/comments/1jteqr4/why_is_there_a_huge_issue_with_new_construction/
Please help me decide if and how to file my taxes,content_generation,47,I am a single 30 yr old with no dependents living in Kentucky and who is currently unemployed,already to send it in through turbotax,"file my return late as it is or can it be ignored, file can you suggest a free alternative to turbotax that will allow my 1099","$3,000, $1,150, $70",small,unknown,0,https://reddit.com/r/tax/comments/1kmsbom/please_help_me_decide_if_and_how_to_file_my_taxes/
Why Haven‚Äôt Chinese Seller Prices Increased Despite New Tariffs?,data_integration,47,Why Haven‚Äôt Chinese Seller Prices Increased Despite New Tariffs?,,,"$5, $5,, $4.50",small,unknown,1,https://reddit.com/r/logistics/comments/1jve7dd/why_havent_chinese_seller_prices_increased/
Is there anyone who is a manager or owner of a company that manages over 1500 units who would be wil,workflow_automation,46,Is there anyone who is a manager or owner of a company that manages over 1500 units who would be willing to explain the structure and job responsibilities with me?,property manager,,enterprise-budget,small,unknown,1,https://reddit.com/r/PropertyManagement/comments/1j95046/is_there_anyone_who_is_a_manager_or_owner_of_a/
Bought a Shopify store ($9.5K/mo ‚Üí $0). $10K left ‚Äî best way to rebuild?,,46,Bought a Shopify store ($9.5K/mo ‚Üí $0). $10K left ‚Äî best way to rebuild?,,,"$9, $0, $10",small,unknown,0,https://reddit.com/r/ecommerce/comments/1mu4433/bought_a_shopify_store_95kmo_0_10k_left_best_way/
Cheaper alternative to Zendesk please?,data_integration,46,Cheaper alternative to Zendesk please?,,,"$50, $200",small,medium,0,https://reddit.com/r/shopify/comments/1hbie0m/cheaper_alternative_to_zendesk_please/
Are open source alternatives to excel good enough?,team_coordination,46,Are open source alternatives to excel good enough?,,,unknown,medium,complex,6,https://reddit.com/r/excel/comments/1lhpx4w/are_open_source_alternatives_to_excel_good_enough/
"Bought Multifamily with Tenants in Place, Nightmare Ensues",workflow_automation,45,"Hello everyone,

  
I have been a landlord/property manager for about 5 years now, and I recently purchased a second  multifamily property a few weeks ago to add to my portfolio - and it has been a ni",,"pay their heating bills in the meantime, etc",unknown,small,unknown,1,https://reddit.com/r/PropertyManagement/comments/1iqgk47/bought_multifamily_with_tenants_in_place/
Why is there a lack of cpas yet getting a job is near impossible ,compliance_documentation,45,I recently graduated college in the height of Covid during 2021,,,unknown,small,unknown,3,https://reddit.com/r/Accounting/comments/1gkawr1/why_is_there_a_lack_of_cpas_yet_getting_a_job_is/
Are Client visits a better Alternative to Return to Office Mandates?,customer_communication,45,Are Client visits a better Alternative to Return to Office Mandates?,,,unknown,small,unknown,3,https://reddit.com/r/Accounting/comments/1gs0v0e/are_client_visits_a_better_alternative_to_return/
Tax Preparer forgot to submit our taxes for 2023 is there any recourse?,workflow_automation,45,Tax Preparer forgot to submit our taxes for 2023 is there any recourse?,,,unknown,small,unknown,0,https://reddit.com/r/tax/comments/1m9bgc7/tax_preparer_forgot_to_submit_our_taxes_for_2023/
"Is there a better way to return a blank other than =IF(LONGFORMULA=‚Äú‚Äù, ‚Äú‚Äù, LONGFORMULA) ?",,45,"Is there a better way to return a blank other than =IF(LONGFORMULA=‚Äú‚Äù, ‚Äú‚Äù, LONGFORMULA) ?",,,unknown,small,simple,1,https://reddit.com/r/excel/comments/1m3b8ng/is_there_a_better_way_to_return_a_blank_other/
Any good alternatives to QuickBooks/Xero for multiple LLCs?,,44,Any good alternatives to QuickBooks/Xero for multiple LLCs?,,,enterprise-budget,small,unknown,0,https://reddit.com/r/Bookkeeping/comments/1hknn39/any_good_alternatives_to_quickbooksxero_for/
If VLOOKUP is not blank do the VLOOKUP again - is there a better way?,team_coordination,44,If VLOOKUP is not blank do the VLOOKUP again - is there a better way?,,"be, sheet to live separately where they can paste in a set of personnel numbers, choose a date and have ",unknown,small,unknown,2,https://reddit.com/r/excel/comments/1lk8uv2/if_vlookup_is_not_blank_do_the_vlookup_again_is/
Looking for an LTL Shipper!,,44,"I just started a small business, shipping handmade furniture (roughly 250 lbs), and will be shipping nationwide",,,enterprise-budget,small,unknown,2,https://reddit.com/r/logistics/comments/1i8g52g/looking_for_an_ltl_shipper/
Is there a decent free/cheap keyword research tool?,,43,Is there a decent free/cheap keyword research tool?,asking chatgpt but the results are very mixed and again,,looking-for-free,small,unknown,0,https://reddit.com/r/shopify/comments/1kootgq/is_there_a_decent_freecheap_keyword_research_tool/
My wife is almost ready to start taking on clients - looking for advice from experienced freelance b,industry_specific_crm,43,My wife has decided that she is done working for others and is finally venturing out on her own,,,enterprise-budget,small,unknown,1,https://reddit.com/r/Bookkeeping/comments/1ktkdot/my_wife_is_almost_ready_to_start_taking_on/
Is there a market for a 1 -5 SKU 3PL?,team_coordination,43,Is there a market for a 1 -5 SKU 3PL?,,work with the 3pl company it,enterprise-budget,small,unknown,2,https://reddit.com/r/logistics/comments/1mkslwf/is_there_a_market_for_a_1_5_sku_3pl/
Anyone looking for a job?,,42,Anyone looking for a job?,,,unknown,small,unknown,2,https://reddit.com/r/Accounting/comments/1lamhb8/anyone_looking_for_a_job/
Escort looking for tax advice,,42,Hi,,,unknown,small,unknown,0,https://reddit.com/r/tax/comments/1mcz0e7/escort_looking_for_tax_advice/
Is there a point in having a tax preparer for W2 employees?,,42,Is there a point in having a tax preparer for W2 employees?,,,$450,small,unknown,3,https://reddit.com/r/tax/comments/1g7o7f9/is_there_a_point_in_having_a_tax_preparer_for_w2/
"How to Find Consistent Carriers, What to Look For?",data_integration,42,"How to Find Consistent Carriers, What to Look For?",,,enterprise-budget,small,unknown,4,https://reddit.com/r/logistics/comments/1jli27p/how_to_find_consistent_carriers_what_to_look_for/
I only have 2 properties to manage ‚Äî is there any good property management software under $15/month?,team_coordination,41,I only have 2 properties to manage ‚Äî is there any good property management software under $15/month?,,,"$15/mo, $15/mo",small,simple,1,https://reddit.com/r/PropertyManagement/comments/1m4bcur/i_only_have_2_properties_to_manage_is_there_any/
Waste of time or is there hope?,customer_communication,41,Waste of time or is there hope?,,"move out immediately, leaving my brother to pay","$500, $2400, $800",small,unknown,0,https://reddit.com/r/PropertyManagement/comments/1lbh0qo/waste_of_time_or_is_there_hope/
The job market sucks. Let's start a thread for niche accounting roles/industries to look for.,team_coordination,41,"I'll start: nonprofit, specifically grant accounting",,,unknown,small,unknown,0,https://reddit.com/r/Accounting/comments/1jf82o5/the_job_market_sucks_lets_start_a_thread_for/
What is the best alternative to Expensify?,data_integration,41,What is the best alternative to Expensify?,,,$5,small,medium,0,https://reddit.com/r/Accounting/comments/1mei6os/what_is_the_best_alternative_to_expensify/
Small business owner with massive QBO headaches due to volume and complexity of expenses. Is there a,workflow_automation,41,Small business owner with massive QBO headaches due to volume and complexity of expenses. Is there a standard methodology when you hit several hundred transactions per month?,,manually input everything again to make sure it,unknown,small,simple,1,https://reddit.com/r/Bookkeeping/comments/1i26b9m/small_business_owner_with_massive_qbo_headaches/
Why does 86.84 - 86.86 = -0.019999999999996? Is there a way around this without using =round()?,reporting_analytics,41,Why does 86.84 - 86.86 = -0.019999999999996? Is there a way around this without using =round()?,some other numbers,,unknown,small,unknown,1,https://reddit.com/r/excel/comments/1kmodfs/why_does_8684_8686_0019999999999996_is_there_a/
"How to Find Consistent Carriers, What to Look For?",data_integration,41,"How to Find Consistent Carriers, What to Look For?",,,enterprise-budget,small,unknown,4,https://reddit.com/r/logistics/comments/1jli27p/how_to_find_consistent_carriers_what_to_look_for/
I want so ship LTL - why is it so complicated? Who should I use?,,41,I want so ship LTL - why is it so complicated? Who should I use?,,ship 4 pallets across the  country from ca to ga,$5411,small,unknown,0,https://reddit.com/r/logistics/comments/1m0q15y/i_want_so_ship_ltl_why_is_it_so_complicated_who/
"E-commerce Industry News Recap üî• Week of May 12th, 2025",data_integration,40,Hi¬†r/ecommerce¬†\- I'm Paul and I follow the e-commerce industry closely for my Shopifreaks E-commerce Newsletter,,order,"$1.37, $1, $50",small,medium,0,https://reddit.com/r/ecommerce/comments/1kkzomg/ecommerce_industry_news_recap_week_of_may_12th/
"E-commerce Industry News Recap üî• Week of Jan 27th, 2025",workflow_automation,40,Hi¬†r/ecommerce¬†- I'm Paul and I follow the e-commerce industry closely for my Shopifreaks E-commerce Newsletter,,risk the,"$200/mo, $6, $5",small,simple,0,https://reddit.com/r/ecommerce/comments/1ibhspg/ecommerce_industry_news_recap_week_of_jan_27th/
"E-commerce Industry News Recap üî• Week of Oct 14th, 2024",workflow_automation,40,Hi¬†r/ecommerce¬†- I'm Paul and I follow the e-commerce industry closely for my Shopifreaks E-commerce Newsletter,,"piece of that cash as buybacks or dividends, but amazon wants to spend it on ai and other growth pla","$2, $130, $19.99/mo",small,medium,0,https://reddit.com/r/ecommerce/comments/1g3rcg3/ecommerce_industry_news_recap_week_of_oct_14th/
where would you look for an entry level accounting job at 40?,,40,where would you look for an entry level accounting job at 40?,,,unknown,small,unknown,1,https://reddit.com/r/Accounting/comments/1hp60ka/where_would_you_look_for_an_entry_level/
Feeling Stuck in Our Home‚ÄîLooking for Advice,,39,"In 2020, we bought our first home with a 2",,,"$255, $1,200/mo, $120",small,unknown,5,https://reddit.com/r/RealEstate/comments/1i2tc65/feeling_stuck_in_our_homelooking_for_advice/
"Would you take this job? Fully in office, 68k, property management company looking for a full charge",team_coordination,39,"Would you take this job? Fully in office, 68k, property management company looking for a full charge bookkeeper. They offered me the job in the interview but I'm worried about red flags.",,,$45,small,unknown,3,https://reddit.com/r/Bookkeeping/comments/1j5w25v/would_you_take_this_job_fully_in_office_68k/
Is there a way to create an Excel file programmed to autodestruct itself after a specific time?,reporting_analytics,39,Is there a way to create an Excel file programmed to autodestruct itself after a specific time?,,"make a copy of it and then send the copy using whatsapp to 1 person, but i want that this copy that ",unknown,small,unknown,2,https://reddit.com/r/excel/comments/1i9p5qn/is_there_a_way_to_create_an_excel_file_programmed/
I took a 9-month break to focus on my health and well-being !Now I'm back ! Anybody in South Florida,,39,I took a 9-month break to focus on my health and well-being !Now I'm back ! Anybody in South Florida area looking for Pool coping and tile guy?,,,unknown,small,unknown,0,https://reddit.com/r/Construction/comments/1i6rwd3/i_took_a_9month_break_to_focus_on_my_health_and/
Has anyone found a cheaper alternative to this?,,39,Has anyone found a cheaper alternative to this?,,,enterprise-budget,small,unknown,0,https://reddit.com/r/Construction/comments/1i0qza7/has_anyone_found_a_cheaper_alternative_to_this/
"Veteran agent (25+ yr), somewhat burnt out, looking for inspiration/mindset",industry_specific_crm,38,"Have you found a way to reset your mindset - to get reinspired, principally for marketing in our business?  If so, would welcome hearing how",,"keep selling, shock or inspiration to the system",unknown,small,unknown,0,https://reddit.com/r/realtors/comments/1lw9naq/veteran_agent_25_yr_somewhat_burnt_out_looking/
Looking for Reliable PM/Maintenance software,reporting_analytics,38,"Hey everyone, looking to start up a Property Management Company along with a Maintenance company and looking for software that works well with both",,,enterprise-budget,small,unknown,0,https://reddit.com/r/PropertyManagement/comments/1medt7d/looking_for_reliable_pmmaintenance_software/
"This Week's Top E-commerce News Stories üí• July 28th, 2025",workflow_automation,38,"Hi r/Shopify - I'm Paul and I follow the e-commerce industry closely for my Shopifreaks E-commerce Newsletter, which I've published weekly since 2021",to skirt that law by selling 100,,"$28, $191",small,medium,0,https://reddit.com/r/shopify/comments/1mbs92s/this_weeks_top_ecommerce_news_stories_july_28th/
Cheaper alternative to Gorgias?,customer_communication,38,Cheaper alternative to Gorgias?,,,"$50, $200",small,unknown,0,https://reddit.com/r/shopify/comments/1kk6jtf/cheaper_alternative_to_gorgias/
Alternative to Quickbooks?,data_integration,38,Alternative to Quickbooks?,,,$650/mo,small,simple,1,https://reddit.com/r/Bookkeeping/comments/1hw9519/alternative_to_quickbooks/
Looking for a lightweight and affordable document generation tool for Salesforce - alternatives to C,workflow_automation,38,Looking for a lightweight and affordable document generation tool for Salesforce - alternatives to Conga?,conga and pdf butler so far,is,budget-conscious,small,simple,4,https://reddit.com/r/salesforce/comments/1m5isqu/looking_for_a_lightweight_and_affordable_document/
Looking for a lightweight and affordable document generation tool for Salesforce - alternatives to C,workflow_automation,38,Looking for a lightweight and affordable document generation tool for Salesforce - alternatives to Conga?,conga and pdf butler so far,is,budget-conscious,small,simple,4,https://reddit.com/r/salesforce/comments/1m5isqu/looking_for_a_lightweight_and_affordable_document/
Is there a faster way to change a cell to its negative?,workflow_automation,38,Is there a faster way to change a cell to its negative?,,manually change that a contra credit for,"$1000,, $1000",small,unknown,3,https://reddit.com/r/excel/comments/1l2uhtj/is_there_a_faster_way_to_change_a_cell_to_its/
Looking for a Small Biz-Friendly 3PL comfortable with Long-Term Storage,data_integration,38,"Hey Reddit,

I‚Äôm looking for a 3PL that can handle the following requirements, and I‚Äôd love your recommendations:

1",,"move to a new 3pl, warehouse with reasonable storage, sending and receiving costs, and no long",unknown,small,unknown,1,https://reddit.com/r/logistics/comments/1hblzju/looking_for_a_small_bizfriendly_3pl_comfortable/
First prototype of my utility knife design ‚Äî looking for feedback,customer_communication,38,"Hey everyone,
I‚Äôve been working on a new knife design that uses standard replaceable utility blades",,,unknown,small,simple,3,https://reddit.com/r/Construction/comments/1nbair2/first_prototype_of_my_utility_knife_design/
Should I stay or look for another construction job?,,38,Should I stay or look for another construction job?,,go,enterprise-budget,small,unknown,4,https://reddit.com/r/Construction/comments/1lol5tn/should_i_stay_or_look_for_another_construction_job/
Is it just me or is there way more posts here from people who are considering accounting as a career,,37,Is it just me or is there way more posts here from people who are considering accounting as a career than actual accountants?,,,unknown,small,unknown,0,https://reddit.com/r/Accounting/comments/1lbqxho/is_it_just_me_or_is_there_way_more_posts_here/
Is there any point to me trying to break into Accounting if I am 45 ?,,37,Is there any point to me trying to break into Accounting if I am 45 ?,,stable career that is predictable and can  bring home a living for two kids and retirement,unknown,small,unknown,3,https://reddit.com/r/Accounting/comments/1hmlzvb/is_there_any_point_to_me_trying_to_break_into/
"Is there an Efficient Way to Open 70 Workbooks, Update All Power Queries, Save, and Close them?",reporting_analytics,37,"Is there an Efficient Way to Open 70 Workbooks, Update All Power Queries, Save, and Close them?",using a vba macro that opens each book individually,know what planograms their site uses,unknown,small,unknown,3,https://reddit.com/r/excel/comments/1mjhyh7/is_there_an_efficient_way_to_open_70_workbooks/
Is there a better tool than excel for managing supplier quotes?,workflow_automation,37,Is there a better tool than excel for managing supplier quotes?,,,enterprise-budget,small,unknown,0,https://reddit.com/r/supplychain/comments/1hqq099/is_there_a_better_tool_than_excel_for_managing/
"This Week's Top E-commerce News Stories üí• July 7th, 2025",workflow_automation,36,"Hi r/Shopify - I'm Paul and I follow the e-commerce industry closely for my Shopifreaks E-commerce Newsletter, which I've published weekly since 2021",,,"$800, $5,000, $10,000",small,medium,0,https://reddit.com/r/shopify/comments/1lu540b/this_weeks_top_ecommerce_news_stories_july_7th/
Losing a logistics job offer after background check,team_coordination,36,"
Hi everyone,

My husband recently went through something really discouraging, and we‚Äôre not sure what to do next",,,enterprise-budget,small,unknown,1,https://reddit.com/r/logistics/comments/1kbivwi/losing_a_logistics_job_offer_after_background/
Reliable Receipt OCR alternative to Dext,data_integration,35,"
I'm looking for a reliable receipt OCR (Optical Character Recognition) alternative to Dext",dext for a while,,looking-for-free,small,medium,0,https://reddit.com/r/Bookkeeping/comments/1j70bf9/reliable_receipt_ocr_alternative_to_dext/
Multiple XLOOKUP / If statements that takes way too long to run.  Is there a better way?,,35,Multiple XLOOKUP / If statements that takes way too long to run.  Is there a better way?,,pull the results column from those tabs to a single page that combines all the data together,unknown,small,unknown,5,https://reddit.com/r/excel/comments/1ie489b/multiple_xlookup_if_statements_that_takes_way_too/
Looking for advice on how to form an LLC in TX? Is it possible or pipedream?,workflow_automation,34,Looking for advice on how to form an LLC in TX? Is it possible or pipedream?,,"set up a small marketing agency, but the process feels overwhelming with all the forms, fees and leg",$300,small,unknown,0,https://reddit.com/r/ecommerce/comments/1n2n3je/looking_for_advice_on_how_to_form_an_llc_in_tx_is/
First time seller and I feel sick... Looking for opinions.,,33,I'm moving out of state and planned to sell my condo,,,"$198, $210, $198",small,unknown,2,https://reddit.com/r/RealEstate/comments/1jv0trr/first_time_seller_and_i_feel_sick_looking_for/
"E-commerce Industry News Recap üî• Week of July 7th, 2025",workflow_automation,33,Hi¬†r/ecommerce¬†\- I'm Paul and I follow the e-commerce industry closely for my Shopifreaks E-commerce Newsletter,,,"$800, $5,000, $10,000",small,medium,0,https://reddit.com/r/ecommerce/comments/1lu51jb/ecommerce_industry_news_recap_week_of_july_7th/
Looking for China 3pl for small e-commerce. Anyone ever heard of cfulfillment or has a good suggesti,,33,Looking for China 3pl for small e-commerce. Anyone ever heard of cfulfillment or has a good suggestion?,,,$28,small,unknown,0,https://reddit.com/r/ecommerce/comments/1n2elow/looking_for_china_3pl_for_small_ecommerce_anyone/
Is there an app that automates collections based on product titles/descriptions?,workflow_automation,33,Is there an app that automates collections based on product titles/descriptions?,4000 products added to store,automate my collections,unknown,small,unknown,0,https://reddit.com/r/shopify/comments/1kwhrrv/is_there_an_app_that_automates_collections_based/
Looking for 5 people to test a SFDC documentation tool I built,compliance_documentation,33,Bear with me as I face my fear of sharing something I've built with Reddit,,check it out first,looking-for-free,small,unknown,0,https://reddit.com/r/salesforce/comments/1kbtglv/looking_for_5_people_to_test_a_sfdc_documentation/
Is there an app that can surface SOQL results for end users?,data_integration,33,Is there an app that can surface SOQL results for end users?,,,unknown,small,simple,0,https://reddit.com/r/salesforce/comments/1gtg4s5/is_there_an_app_that_can_surface_soql_results_for/
Alternatives to Salesforce Inspector Chrome extension?,customer_communication,33,Alternatives to Salesforce Inspector Chrome extension?,maven tools,,unknown,small,unknown,5,https://reddit.com/r/salesforce/comments/1j2icyu/alternatives_to_salesforce_inspector_chrome/
"Is there a setting I can change so when I input ""+123"" into a cell it converts it to the formula ""=1",,33,"By default, if you enter ""+123+456"" into a cell it will convert it to the formula ""=123+456""",,,unknown,small,unknown,1,https://reddit.com/r/excel/comments/1lgemk0/is_there_a_setting_i_can_change_so_when_i_input/
Looking for Recommendations: China-to-US Parcel Forwarding Company,inventory_management,33,Hi! I‚Äôm looking for a reliable and affordable parcel forwarding company in China to ship about 5‚Äì6 kg to New York every two weeks or so,,china warehouse address to send items,enterprise-budget,small,unknown,0,https://reddit.com/r/logistics/comments/1mf1pzt/looking_for_recommendations_chinatous_parcel/
Debating between Perpetua and Atom11. Looking for right amazon ads software for our account.,reporting_analytics,32,I am debating between Perpetua and Atom11 for managing our Amazon ads ($100k/month spend),,,$100,small,unknown,0,https://reddit.com/r/FulfillmentByAmazon/comments/1l7rm2m/debating_between_perpetua_and_atom11_looking_for/
Looking for Advice on How to Find Clients for a Bookkeeping Business!,industry_specific_crm,32,"I‚Äôm a stay-at-home mom with 7 years of experience as a staff accountant, and I‚Äôm looking to start my own bookkeeping business",,,looking-for-free,small,unknown,2,https://reddit.com/r/Bookkeeping/comments/1fglpky/looking_for_advice_on_how_to_find_clients_for_a/
Clio + QBO (looking for tips (plus ranting)),data_integration,32,I have a small law firm client that uses Clio + QBO,,,enterprise-budget,small,unknown,0,https://reddit.com/r/Bookkeeping/comments/1n6p3kr/clio_qbo_looking_for_tips_plus_ranting/
What's your approach to collecting payments from clients?,workflow_automation,32,What's your approach to collecting payments from clients?,,,enterprise-budget,small,unknown,0,https://reddit.com/r/Bookkeeping/comments/1nfal3q/whats_your_approach_to_collecting_payments_from/
Fleet / Asset Tracking tool ‚Äî looking for early testers,data_integration,32,I just launched my mvp website,,,enterprise-budget,small,simple,0,https://reddit.com/r/logistics/comments/1lkhfeb/fleet_asset_tracking_tool_looking_for_early/
Is there a good tool to bulk check competitor prices & reviews on Amazon?,data_integration,31,Is there a good tool to bulk check competitor prices & reviews on Amazon?,apicalls,,unknown,small,medium,0,https://reddit.com/r/FulfillmentByAmazon/comments/1m6y3oe/is_there_a_good_tool_to_bulk_check_competitor/
Need advice on chargeback prevention strategies for Shopify store,compliance_documentation,31,Currently seeing an uptick in chargebacks and looking for proven strategies to reduce them,,,"$100, $80",small,unknown,0,https://reddit.com/r/shopify/comments/1iv55w6/need_advice_on_chargeback_prevention_strategies/
New client with tons of personal transactions in business accounts. Is there a better solution than ,customer_communication,31,New client with tons of personal transactions in business accounts. Is there a better solution than putting all to Owner Draw?,,,enterprise-budget,small,unknown,1,https://reddit.com/r/Bookkeeping/comments/1hjj1g4/new_client_with_tons_of_personal_transactions_in/
question about parents putting house in a family trust vs selling to children,,30,"
Apologies if this isn‚Äôt the right sub to post in",,"downsize and give us the house with one condition, put the house in a family trust and then build a rancher on the same property for him and my mother, feel like we own it and can make changes to the house and property without hearing about it from the",unknown,small,unknown,0,https://reddit.com/r/RealEstate/comments/1j7xh8w/question_about_parents_putting_house_in_a_family/
Digital Products - Alternatives to Gumroad?,workflow_automation,30,Digital Products - Alternatives to Gumroad?,,way to discourage sharing without draconian measures like locklizard,"$20, $20",small,simple,0,https://reddit.com/r/ecommerce/comments/1gm6u5p/digital_products_alternatives_to_gumroad/
Looking for ethical ways to get more Amazon reviews,workflow_automation,30,"We‚Äôre a small seller and don‚Äôt have high sales volume yet, so for now we‚Äôve been manually clicking the ‚ÄúRequest a Review‚Äù button on orders where everything looks good",it,stay 100,unknown,small,unknown,2,https://reddit.com/r/FulfillmentByAmazon/comments/1kifc73/looking_for_ethical_ways_to_get_more_amazon/
Looking for Advice from Those Who‚Äôve Done It,customer_communication,30,"I‚Äôm in the early stages of launching a small, design-focused e-commerce brand",,,$1,small,unknown,0,https://reddit.com/r/shopify/comments/1l1ico8/looking_for_advice_from_those_whove_done_it/
Alternative to Zendesk?,workflow_automation,30,Alternative to Zendesk?,zendesk for a few years now to handle customer service for our shopify store,allows the customer to check their order status on their own and to ask an ai chatbot questions abou,unknown,small,simple,0,https://reddit.com/r/shopify/comments/1hiswvj/alternative_to_zendesk/
Is there a function that lets you sum a list of numbers and include each number in the formula?,workflow_automation,30,Is there a function that lets you sum a list of numbers and include each number in the formula?,,"sum and i can, see each individual number in the formula",unknown,small,unknown,0,https://reddit.com/r/excel/comments/1ktq3mr/is_there_a_function_that_lets_you_sum_a_list_of/
Is there an alternative?,customer_communication,29,Is there an alternative?,,,$1,small,unknown,0,https://reddit.com/r/realtors/comments/1hsy009/is_there_an_alternative/
Is there an alternative?,customer_communication,29,Is there an alternative?,,,$1,small,unknown,0,https://reddit.com/r/realtors/comments/1hsy009/is_there_an_alternative/
What are my chances of getting approved? Looking for solid advice.,,29,What are my chances of getting approved? Looking for solid advice.,,"renew my lease at my current place however there are some recently build apartments near my home tha, know my odds please no judgement",unknown,small,unknown,0,https://reddit.com/r/PropertyManagement/comments/1l09vk5/what_are_my_chances_of_getting_approved_looking/
is there a way to stop this guy?,data_integration,29,is there a way to stop this guy?,,,unknown,small,unknown,3,https://reddit.com/r/shopify/comments/1io6ypl/is_there_a_way_to_stop_this_guy/
Salesforce‚Äôs new API Access Control is a big win for app security,workflow_automation,29,"Salesforce has introduced API Access Control, a significant upgrade for anyone managing connected apps",,request access through their admin,unknown,small,medium,0,https://reddit.com/r/salesforce/comments/1nf7h4n/salesforces_new_api_access_control_is_a_big_win/
"What‚Äôs the best way to clean 5,000+ rows of messy Excel data? Looking for advice before I waste hour",workflow_automation,29,"What‚Äôs the best way to clean 5,000+ rows of messy Excel data? Looking for advice before I waste hours.",a mix of formulas,,looking-for-free,small,unknown,2,https://reddit.com/r/excel/comments/1lk438a/whats_the_best_way_to_clean_5000_rows_of_messy/
Is there a formula that will leave me with ONLY the actual usernames? ,workflow_automation,29,Is there a formula that will leave me with ONLY the actual usernames? ,,,unknown,small,unknown,0,https://reddit.com/r/googlesheets/comments/1gzf33u/is_there_a_formula_that_will_leave_me_with_only/
My broker misquoted my shipment. Is there anything I can do?,,29,My broker misquoted my shipment. Is there anything I can do?,to speak with the broker but he,,unknown,small,unknown,3,https://reddit.com/r/logistics/comments/1ibjlpu/my_broker_misquoted_my_shipment_is_there_anything/
Why aren't Compressed Earth Blocks used more widely in modern construction despite supposed strength,,29,"Why aren't Compressed Earth Blocks used more widely in modern construction despite supposed strength, insulation and low cost?",,,looking-for-free,small,unknown,3,https://reddit.com/r/Construction/comments/1l0mvvz/why_arent_compressed_earth_blocks_used_more/
California is back to pre-pandemic levels of inventory and demand is quite low. Is there a reason we,inventory_management,28,California is back to pre-pandemic levels of inventory and demand is quite low. Is there a reason we haven‚Äôt seen downward pressure yet ?,,,unknown,small,unknown,3,https://reddit.com/r/realtors/comments/1l3786u/california_is_back_to_prepandemic_levels_of/
Is Perpetua Still Worth It in 2025? My Experience + Looking for Insights,,28,Is Perpetua Still Worth It in 2025? My Experience + Looking for Insights,perpetua since 2022,,unknown,small,unknown,1,https://reddit.com/r/FulfillmentByAmazon/comments/1io539z/is_perpetua_still_worth_it_in_2025_my_experience/
is it just me or does amazon keep getting harder for small sellers,,28,"i‚Äôve been talking to some friends who sell on amazon, and the stories are just brutal",,,unknown,small,unknown,1,https://reddit.com/r/FulfillmentByAmazon/comments/1hezyp2/is_it_just_me_or_does_amazon_keep_getting_harder/
Looking for a good alternative to BILL,data_integration,28,Preferably something that has better OCR/AI automation technology,,,unknown,small,unknown,1,https://reddit.com/r/Bookkeeping/comments/1jzybjj/looking_for_a_good_alternative_to_bill/
"Middle-aged, single, severe ADHD‚Ä¶my finances are a mess. Is there help??",,28,"Middle-aged, single, severe ADHD‚Ä¶my finances are a mess. Is there help??",,,unknown,small,unknown,3,https://reddit.com/r/Bookkeeping/comments/1hybrf8/middleaged_single_severe_adhdmy_finances_are_a/
Alternatives to QB Online for small nonprofit organizations,industry_specific_crm,28,Hello,,,budget-conscious,small,unknown,0,https://reddit.com/r/Bookkeeping/comments/1kyst6o/alternatives_to_qb_online_for_small_nonprofit/
Looking for a good alternative to BILL,data_integration,28,Preferably something that has better OCR/AI automation technology,,,unknown,small,unknown,1,https://reddit.com/r/Bookkeeping/comments/1jzybjj/looking_for_a_good_alternative_to_bill/
Excel vs Access for building databases ,,28,It's just a curious question,,implement some complex custom order using the customorder argument,unknown,small,complex,3,https://reddit.com/r/excel/comments/1gk6te0/excel_vs_access_for_building_databases/
Supply chain analyst looking for advice,inventory_management,28,"Hey guys! 

I‚Äôm a finished good planner/raw material planner for a very well known consumer goods company",,,enterprise-budget,small,unknown,1,https://reddit.com/r/supplychain/comments/1jyo8sd/supply_chain_analyst_looking_for_advice/
Cheaper alternative to truewerk?,,28,Cheaper alternative to truewerk?,,,$60,small,unknown,1,https://reddit.com/r/Construction/comments/1fvyb0o/cheaper_alternative_to_truewerk/
Looking for advice,customer_communication,27,"I am a single, female realtor and helped a contractor buy a property a few months ago",making a move on me,tell his partner,unknown,small,unknown,1,https://reddit.com/r/realtors/comments/1jbzo8c/looking_for_advice/
"Starting a new e-commerce startup, looking for some expert suggestions",industry_specific_crm,27,Just starting up my first e-commerce store in the thrift shoe category,my best,,unknown,small,unknown,0,https://reddit.com/r/ecommerce/comments/1n8elc7/starting_a_new_ecommerce_startup_looking_for_some/
Absolutely worst customer support. Advice to move away to a better alternative,workflow_automation,27,So my store has been having issues from Shopify's side since over a week,,,unknown,small,simple,2,https://reddit.com/r/shopify/comments/1j1ndwz/absolutely_worst_customer_support_advice_to_move/
Looking for jobs that are actually entry level,,27,I'm about to graduate with a Bachelors in Finance and can't seem to find jobs in either finance and accounting that are actually entry level they are all 2+ years of experience including what I though,,,unknown,small,unknown,2,https://reddit.com/r/Accounting/comments/1ltcufd/looking_for_jobs_that_are_actually_entry_level/
Is there a possibility that I won‚Äôt break into Accounting?,,27,Is there a possibility that I won‚Äôt break into Accounting?,applying to everything from bookkeeping,,unknown,small,unknown,2,https://reddit.com/r/Accounting/comments/1lkymr9/is_there_a_possibility_that_i_wont_break_into/
Looking for the Right Bookkeeping Service,,27,"Hello, I am having trouble finding the right service for my clothing brand",,"be able to track multiple projects as well as the cash flow in between the individual projects as we, sell a hoodie, i want to be able to track the sample cost as expenses, but then note each time an in",unknown,small,unknown,1,https://reddit.com/r/Bookkeeping/comments/1lc6tsh/looking_for_the_right_bookkeeping_service/
"If my dad pays for my kids' nanny, does that count as a taxable gift or income for my wife and I?",,27,"If my dad pays for my kids' nanny, does that count as a taxable gift or income for my wife and I?",googling this i mostly got links to the childcare tax credit,,unknown,small,unknown,2,https://reddit.com/r/tax/comments/1j8y34m/if_my_dad_pays_for_my_kids_nanny_does_that_count/
Is there a good supply chain sample database/ dataset resembling a real manufacturing company?,inventory_management,27,Is there a good supply chain sample database/ dataset resembling a real manufacturing company?,,,enterprise-budget,small,unknown,1,https://reddit.com/r/supplychain/comments/1hkix1i/is_there_a_good_supply_chain_sample_database/
Alternatives to QB Self Employed,,26,Is there any other service that offers an app and ease of recording that is better than QB and doesn't cost so much?  After the bill passed that Tips will no longer be taxed I found out there is no wa,,"different service at this point, record income, expenses and mileage",unknown,small,unknown,1,https://reddit.com/r/Bookkeeping/comments/1m9c4ob/alternatives_to_qb_self_employed/
Is there a statute of limitations on amended returns? E.g. are you legally supposed to amend inaccur,reporting_analytics,26,"Is there a statute of limitations on amended returns? E.g. are you legally supposed to amend inaccurate returns even if they are 10, 20, etc. years old?",,,unknown,small,unknown,4,https://reddit.com/r/tax/comments/1j0w6gq/is_there_a_statute_of_limitations_on_amended/
Drowning in Manual/Operational work - looking for some input if automation or agents can help,workflow_automation,26,"My team is drowning in manual admin work and I'm curious if anyone has experimented with agents for these types of operational tasks:

**Data cleanup workflows:**

* Monthly account/lead purging (lead",some automation but still requires manual intervention and our automation is done using an etl tool since it was built 10,,looking-for-free,small,unknown,0,https://reddit.com/r/salesforce/comments/1l92ekr/drowning_in_manualoperational_work_looking_for/
Is there a way to fully automate sales tax so I don't need to deal with it?,workflow_automation,25,Is there a way to fully automate sales tax so I don't need to deal with it?,,"manufacture and sell online, but navigating sales tax is super complex and time consuming, as you, be able to build my own website and shopping cart but when it comes time for payment i want to outso, deal with it",unknown,small,complex,0,https://reddit.com/r/ecommerce/comments/1ht8n4t/is_there_a_way_to_fully_automate_sales_tax_so_i/
Is there any way to convert packing slips PDFs into spreadsheets?,workflow_automation,25,Is there any way to convert packing slips PDFs into spreadsheets?,,"compare what was shipped vs what was received, and manually matching against our system is slow and ",unknown,small,unknown,1,https://reddit.com/r/logistics/comments/1n9417t/is_there_any_way_to_convert_packing_slips_pdfs/
Is there a way to ship small amounts of beverages without losing money?,customer_communication,25,Is there a way to ship small amounts of beverages without losing money?,,,enterprise-budget,small,unknown,0,https://reddit.com/r/logistics/comments/1h7cml9/is_there_a_way_to_ship_small_amounts_of_beverages/
Is there a major difference in salary and career progression between a supply chain analyst & logist,inventory_management,25,Is there a major difference in salary and career progression between a supply chain analyst & logistics analyst?,,,enterprise-budget,small,unknown,1,https://reddit.com/r/supplychain/comments/1kwwmrs/is_there_a_major_difference_in_salary_and_career/
is there a way to actually make crypto ecommerce easy?,data_integration,24,is there a way to actually make crypto ecommerce easy?,selling on platforms like this,,unknown,small,medium,0,https://reddit.com/r/ecommerce/comments/1hvc5w2/is_there_a_way_to_actually_make_crypto_ecommerce/
Looking for bundle builder app alternatives to BYOB (inventory issue with sub-items),industry_specific_crm,24,"Hey everyone,

I‚Äôm running a Shopify store (example: [Maxi Party Macaron Box](https://macaronmaestro",,,unknown,small,unknown,0,https://reddit.com/r/shopify/comments/1ndbyyk/looking_for_bundle_builder_app_alternatives_to/
Is there an AI tool to edit my Shopify store?,data_integration,24,Is there an AI tool to edit my Shopify store?,,see,unknown,small,unknown,0,https://reddit.com/r/shopify/comments/1l3tv17/is_there_an_ai_tool_to_edit_my_shopify_store/
Looking for bundle builder app alternatives to BYOB (inventory issue with sub-items),industry_specific_crm,24,"Hey everyone,

I‚Äôm running a Shopify store (example: [Maxi Party Macaron Box](https://macaronmaestro",,,unknown,small,unknown,0,https://reddit.com/r/shopify/comments/1ndbyyk/looking_for_bundle_builder_app_alternatives_to/
Looking For AI Call Center Solution Recommendations,data_integration,24,"Does anyone have any recommendations for AI call center solutions integrated with Salesforce? My team met with one yesterday, my boss loved it but they do not integrate with Salesforce directly",,,unknown,small,medium,0,https://reddit.com/r/salesforce/comments/1lfho5s/looking_for_ai_call_center_solution/
Is there a formula I can use that will automate a date and will not change if I re-open the file on ,workflow_automation,24,Is there a formula I can use that will automate a date and will not change if I re-open the file on the next day?,,change,unknown,small,unknown,1,https://reddit.com/r/excel/comments/1ne4ll5/is_there_a_formula_i_can_use_that_will_automate_a/
I am a buyer looking for advice on how to be a good client!!,data_integration,23,My husband and I are buyers in Maine,,,budget-conscious,small,unknown,1,https://reddit.com/r/realtors/comments/1natcje/i_am_a_buyer_looking_for_advice_on_how_to_be_a/
How Do You Organize Multiple Rental Properties? Software Recommendations?,workflow_automation,23,How Do You Organize Multiple Rental Properties? Software Recommendations?,spreadsheets,,looking-for-free,small,complex,0,https://reddit.com/r/PropertyManagement/comments/1l3lnpj/how_do_you_organize_multiple_rental_properties/
Alternative to CPA designation,content_generation,23,I recently was deregistered with CPA Ontario,,"have to leave, do something in order to",unknown,small,unknown,1,https://reddit.com/r/Accounting/comments/1mohefb/alternative_to_cpa_designation/
Google‚Äôs mobile app SUCKS‚Ä¶alternative?,,23,Google‚Äôs mobile app SUCKS‚Ä¶alternative?,,continue to use google sheets,unknown,small,unknown,0,https://reddit.com/r/googlesheets/comments/1foh6qy/googles_mobile_app_sucksalternative/
"New grad, is there anything I can utilize to help me forecast better?",workflow_automation,23,"New grad, is there anything I can utilize to help me forecast better?",,"be somewhat close, order that specific item i am told we could have ordered it, get used to these reports more, but i",unknown,small,unknown,1,https://reddit.com/r/supplychain/comments/1m6zdp0/new_grad_is_there_anything_i_can_utilize_to_help/
Is there any benefit to consumers by dismantling the CFPB?,,22,Is there any benefit to consumers by dismantling the CFPB?,,,unknown,small,unknown,3,https://reddit.com/r/realtors/comments/1j3s08j/is_there_any_benefit_to_consumers_by_dismantling/
Can a +$400K store use Shopify‚Äôs $79 plan? Or is there a GMV ‚Äòglass ceiling‚Äô I should know about?,team_coordination,22,Can a +$400K store use Shopify‚Äôs $79 plan? Or is there a GMV ‚Äòglass ceiling‚Äô I should know about?,,,"$400, $79, $79/mo",small,unknown,3,https://reddit.com/r/ecommerce/comments/1gl5gdt/can_a_400k_store_use_shopifys_79_plan_or_is_there/
Looking for basic idea of how my taxes will change so I can plan accordingly.  Marrying someone with,customer_communication,22,Looking for basic idea of how my taxes will change so I can plan accordingly.  Marrying someone with dependents in October: how will it impact my tax filing?,,exact amount or anything overly accurate,"$20, $160, $17,400",small,simple,0,https://reddit.com/r/tax/comments/1n1jsgk/looking_for_basic_idea_of_how_my_taxes_will/
Looking for positive/neutral news that supply shortage is overstated,inventory_management,22,"I'm seeing a ton of news about Portland shipping containers numbers significantly down, and expected to see the same for Long Beach",,,unknown,small,unknown,3,https://reddit.com/r/supplychain/comments/1kaqn6q/looking_for_positiveneutral_news_that_supply/
What can I do with my Supply Chain background that‚Äôs remote?,team_coordination,22,What can I do with my Supply Chain background that‚Äôs remote?,,"degrade myself into getting a retail job or anything similar, start from the bottom again and work myself up",unknown,small,unknown,2,https://reddit.com/r/supplychain/comments/1nchrwp/what_can_i_do_with_my_supply_chain_background/
Looking for APM,team_coordination,21,"I am the property manager at a luxury, boutique community in Nashville, TN with 108 units",,,$25,small,unknown,0,https://reddit.com/r/PropertyManagement/comments/1mvx5wk/looking_for_apm/
Is there ever a reason to use a Get Records and get the triggering record in a record-triggered Flow,,21,Is there ever a reason to use a Get Records and get the triggering record in a record-triggered Flow?,,access those values,unknown,small,unknown,3,https://reddit.com/r/salesforce/comments/1g58uva/is_there_ever_a_reason_to_use_a_get_records_and/
Looking for Budget Formula,workflow_automation,21,"Hey all,

I'm hoping some brilliant person(s) is out there who can help me out",,,"$2000, $2000, $1200",small,unknown,1,https://reddit.com/r/excel/comments/1mjglko/looking_for_budget_formula/
"Old carton flow racks causing chaos, looking for low-impact divider ideas",industry_specific_crm,21,My DC uses these old outdated carton flow racks,,,unknown,small,unknown,0,https://reddit.com/r/supplychain/comments/1kguwmh/old_carton_flow_racks_causing_chaos_looking_for/
Struggling to Break Into Supply Chain‚ÄîLooking for Advice,compliance_documentation,21,"I have six years of supply chain experience in the Air Force, primarily focused on the aircraft side",,,unknown,small,unknown,0,https://reddit.com/r/supplychain/comments/1iy56bt/struggling_to_break_into_supply_chainlooking_for/
Is there a way to eliminate pain caused by carrying materials on shoulder?,,21,Is there a way to eliminate pain caused by carrying materials on shoulder?,,,unknown,small,unknown,1,https://reddit.com/r/Construction/comments/1m9701v/is_there_a_way_to_eliminate_pain_caused_by/
"Have you ever bought a home without a realtor? What was your experience, and is there anything you w",,20,"Have you ever bought a home without a realtor? What was your experience, and is there anything you wish you'd known before hand?",,,unknown,small,unknown,3,https://reddit.com/r/RealEstate/comments/1ma60l2/have_you_ever_bought_a_home_without_a_realtor/
Should my family's wholesale business expand into eCommerce? Looking for advice,data_integration,20,Should my family's wholesale business expand into eCommerce? Looking for advice,,,unknown,small,unknown,0,https://reddit.com/r/ecommerce/comments/1nbzy0e/should_my_familys_wholesale_business_expand_into/
Looking for a bookkeeping mentor,industry_specific_crm,20,My partner and I are starting a business to manage individuals' and small businesses' books,,,unknown,small,unknown,1,https://reddit.com/r/Bookkeeping/comments/1k2hkch/looking_for_a_bookkeeping_mentor/
Best resources to learn Salesforce Flows from scratch? Also looking for a study buddy!,team_coordination,20,Best resources to learn Salesforce Flows from scratch? Also looking for a study buddy!,,get really comfortable building flows,unknown,small,simple,0,https://reddit.com/r/salesforce/comments/1k9kah5/best_resources_to_learn_salesforce_flows_from/
